Actual Flow,Predicted Flow
36.0,45.94472
62.0,46.58522
116.0,52.786037
23.0,60.037704
27.0,22.901508
38.0,34.242237
28.0,38.764446
34.0,35.032326
61.0,43.857212
97.0,50.065613
18.0,57.420444
20.0,20.82906
39.0,28.88416
29.0,36.568542
50.0,34.110294
64.0,46.035465
106.99999999999999,52.83535
33.0,61.09631
25.0,34.521168
32.0,36.91317
40.0,38.273907
30.000000000000004,44.551216
67.0,40.817505
94.0,49.775097
44.00000000000001,57.36229
35.0,46.32985
37.0,46.980576
10.0,48.694786
8.0,24.075459
6.0,19.782446
10.0,13.657106
9.0,14.052568
27.0,14.533846
40.0,24.51107
9.0,34.534294
8.0,16.558998
12.999999999999998,17.551014
8.0,18.15408
15.000000000000002,14.192686
32.0,18.795334
29.0,29.03868
11.000000000000002,33.534126
11.000000000000002,21.363073
22.000000000000004,21.425255
12.0,25.619251
12.0,18.951023
24.0,20.219078
40.0,26.600815
12.999999999999998,36.280674
8.0,20.688173
12.0,18.210087
10.0,18.378088
17.0,16.251833
25.0,20.949366
37.0,27.099524
11.000000000000002,36.73988
11.000000000000002,20.320393
92.0,21.445059
31.0,34.54035
20.0,25.035137
32.0,27.37998
42.0,35.608036
31.0,44.08678
87.0,40.228565
108.0,50.687057
32.0,60.6503
29.0,32.48371
24.0,39.945698
40.0,33.61681
46.0,42.858917
78.0,49.248398
115.0,54.451775
21.0,62.810425
27.0,21.600632
40.0,34.106552
50.0,39.102825
40.0,48.2359
87.0,48.82003
111.0,56.873714
42.0,65.443985
35.0,43.038376
30.000000000000004,47.202175
39.0,41.45225
51.99999999999999,47.53663
84.0,52.802937
141.0,57.159447
41.0,65.93017
34.0,36.517597
47.0,45.56444
15.000000000000002,51.1051
10.0,26.18393
20.0,21.801514
16.0,24.105587
42.0,22.145102
67.0,34.259327
23.0,43.583443
16.0,27.805307
22.000000000000004,26.734251
18.0,28.524908
16.0,25.89084
49.0,25.69961
66.0,36.47027
18.0,45.248993
11.000000000000002,23.125448
22.000000000000004,21.643082
20.0,25.236807
29.0,25.117355
51.0,33.941925
60.00000000000001,42.516685
18.0,50.684086
27.0,26.630215
22.000000000000004,35.119766
22.000000000000004,30.404903
21.0,30.932634
51.0,31.24652
51.99999999999999,40.538696
15.000000000000002,47.874203
15.000000000000002,24.029634
46.0,25.948294
14.0,37.056
11.000000000000002,18.765104
16.0,20.049067
25.999999999999996,21.5527
19.0,27.163553
43.0,26.497305
79.0,37.934254
15.000000000000002,47.324192
15.000000000000002,18.925915
24.0,24.371675
14.0,26.764399
77.0,20.464539
6.0,36.506477
11.000000000000002,7.179605
23.0,15.651823
25.0,21.185616
49.0,25.001778
78.0,38.700436
19.0,48.98877
19.0,24.151617
23.0,29.15173
21.0,28.8254
22.000000000000004,28.29219
32.0,31.970955
66.0,38.30047
25.999999999999996,45.970116
17.0,32.18017
94.0,28.275116
46.0,42.37561
28.0,41.393486
32.0,36.908516
34.0,42.52803
48.0,44.373444
46.0,50.637417
120.00000000000001,53.64155
25.999999999999996,59.609913
31.0,25.608198
44.00000000000001,37.91145
35.0,44.26052
111.0,42.433876
32.0,54.209885
25.0,32.01753
51.99999999999999,35.780804
37.0,47.14951
49.0,43.044434
78.0,52.15969
102.0,57.73223
37.0,65.22232
21.0,39.68041
35.0,33.79336
35.0,39.47287
33.0,41.999737
79.0,43.64876
98.0,51.599354
48.0,59.990646
33.0,49.63251
110.0,45.630287
28.0,59.842148
23.0,28.658825
30.000000000000004,33.456135
40.0,35.02905
38.0,42.16642
72.0,47.415092
116.0,53.708725
32.0,61.496693
35.0,31.769827
29.0,43.318092
25.999999999999996,37.881706
108.0,36.612545
20.0,48.383804
27.0,18.913183
41.0,31.962862
36.0,39.776154
83.0,41.758457
115.0,52.65373
36.0,61.95548
23.0,35.70331
30.000000000000004,34.983646
37.0,36.35688
37.0,41.57926
88.00000000000001,46.945
140.0,53.76547
33.0,63.642452
37.0,27.842936
115.0,43.78648
46.0,57.654243
38.0,42.836426
43.0,48.617973
45.0,53.08869
54.0,56.920853
98.0,58.06656
122.0,61.207268
40.0,69.34521
40.0,39.68709
67.0,50.744705
47.0,60.203735
125.0,55.11175
44.00000000000001,63.45472
37.0,43.259304
48.0,48.83483
57.0,54.693893
66.0,61.26439
103.99999999999999,60.4243
159.0,65.190475
43.0,75.63301
31.0,36.858036
47.0,43.822376
42.0,49.182915
62.0,50.37691
120.00000000000001,56.732914
125.0,62.233646
41.0,73.20024
40.0,40.344105
25.0,51.82866
4.0,36.133354
7.0,17.02298
3.0,15.953824
8.0,9.98578
8.0,11.3304405
17.0,11.956647
39.0,17.988352
2.0,29.695192
5.0,8.1879425
6.0,12.235571
5.0,11.005936
12.999999999999998,9.13999
29.0,14.322033
21.0,24.785992
4.0,25.336555
6.0,13.9652405
11.000000000000002,14.493408
6.0,15.293243
18.0,12.052264
20.0,18.506147
29.0,22.908552
5.0,31.23524
4.0,14.66633
12.0,13.973172
10.0,15.561888
8.0,14.434008
20.0,14.179972
30.000000000000004,21.121988
8.0,29.693762
5.0,15.974788
38.0,14.382642
17.0,28.356525
9.0,19.54158
16.0,16.833855
17.0,20.77334
24.0,22.537638
44.00000000000001,28.624615
46.0,37.98758
7.0,46.244232
8.0,17.93217
14.0,18.62886
15.000000000000002,17.929943
16.0,18.52694
45.0,21.958494
44.00000000000001,33.423717
15.000000000000002,42.075054
8.0,23.973988
19.0,19.212397
19.0,22.740759
23.0,23.378979
33.0,28.909649
53.0,36.825882
11.000000000000002,45.566406
6.0,20.501154
10.0,16.845318
11.000000000000002,15.176082
18.0,14.657132
35.0,20.93061
44.00000000000001,31.326622
14.0,40.657097
12.0,22.897924
36.0,22.85924
7.0,33.218575
10.0,13.147976
10.0,17.37187
14.0,16.21574
11.000000000000002,18.115234
31.0,17.779198
29.0,28.673668
4.0,33.090157
5.0,14.823476
11.000000000000002,14.573475
9.0,15.219995
10.0,13.756538
25.0,15.109739
32.0,24.337666
8.0,32.5288
8.0,16.95275
14.0,17.736311
14.0,19.003077
15.000000000000002,18.873055
32.0,21.23592
34.0,31.391539
12.999999999999998,37.859554
11.000000000000002,23.49688
10.0,21.848547
11.000000000000002,18.329975
11.000000000000002,17.378496
33.0,17.780405
51.0,28.63601
8.0,38.153072
9.0,14.626507
47.0,18.061012
19.0,31.427063
12.0,20.54086
19.0,20.057182
20.0,24.20453
21.0,25.957327
40.0,29.309725
47.0,38.390198
7.0,45.88347
11.000000000000002,17.44306
21.0,20.60011
15.000000000000002,23.220295
20.0,20.49699
41.0,25.896399
57.0,36.41793
12.0,44.911602
15.000000000000002,19.74718
35.0,24.5802
25.0,33.17971
24.0,29.96274
40.0,33.27529
47.0,42.37675
20.0,48.621735
11.000000000000002,30.324553
24.0,22.977173
20.0,27.894667
25.999999999999996,26.513298
45.0,32.568718
51.0,41.14434
12.0,48.71833
27.0,22.2859
30.000000000000004,32.812065
6.0,34.47975
8.0,15.745831
10.0,17.705275
11.000000000000002,16.285969
17.0,15.889585
28.0,20.392153
28.0,28.718441
5.0,33.72029
6.0,16.52728
15.000000000000002,16.200218
19.0,18.26193
10.0,20.88213
29.0,16.813858
29.0,28.68424
15.000000000000002,33.856632
6.0,24.897894
10.0,16.846115
12.999999999999998,17.376799
12.0,17.768019
25.999999999999996,18.382317
34.0,26.531939
11.000000000000002,35.038116
9.0,20.35874
7.0,19.279928
12.999999999999998,15.002103
10.0,16.705393
27.0,16.165066
40.0,25.760395
10.0,35.60117
9.0,17.995314
84.0,18.715847
28.0,33.03149
29.0,22.91759
24.0,33.489468
38.0,32.511272
33.0,42.135803
65.0,42.364613
106.99999999999999,50.089012
30.000000000000004,58.16167
30.000000000000004,31.027903
45.0,39.61692
35.0,47.014744
35.0,43.388397
89.0,46.68138
98.0,54.068542
28.0,62.632652
23.0,30.556118
49.0,34.822983
34.0,45.918205
43.0,39.859158
82.0,49.45947
103.99999999999999,55.705963
22.000000000000004,63.923164
20.0,24.10971
34.0,30.638042
42.0,34.690697
78.0,42.337296
99.0,51.561428
27.0,60.226044
25.999999999999996,29.894468
61.0,36.82391
33.0,47.99195
19.0,37.576534
19.0,30.779
35.0,29.81059
28.0,37.570816
58.0,35.574055
92.0,45.555355
19.0,54.055946
22.000000000000004,22.339663
25.999999999999996,30.62841
29.0,30.569963
24.0,33.61061
49.0,35.241943
102.0,44.430107
29.0,52.213028
20.0,29.332209
31.0,30.734447
31.0,34.963474
36.0,36.93473
71.0,45.0477
115.0,51.551735
27.0,59.862568
22.000000000000004,26.460949
28.0,32.813595
33.0,32.680943
33.0,36.883385
60.00000000000001,43.48062
98.0,50.27281
27.0,57.200268
25.0,29.525366
97.0,35.535675
27.0,48.207226
23.0,25.46012
39.0,32.719784
34.0,40.58598
46.0,41.131638
78.0,49.564896
95.0,55.251637
36.0,62.692947
27.0,39.609745
28.0,39.525932
33.0,37.990326
40.0,41.252995
69.0,48.169327
122.99999999999999,53.07659
39.0,60.636383
25.0,37.00079
47.0,36.75649
39.0,47.64349
44.00000000000001,46.403942
48.0,52.55741
100.0,56.042477
25.999999999999996,60.804764
25.0,29.382437
30.000000000000004,35.268505
29.0,35.83222
48.0,36.8214
71.0,47.136654
103.0,52.87883
41.0,60.740627
29.0,42.801605
72.0,41.522488
25.999999999999996,53.932842
17.0,31.865587
25.999999999999996,28.288897
35.0,31.756567
42.0,37.74791
42.0,45.994625
64.0,50.548233
21.0,55.550026
16.0,30.573715
31.0,27.787998
27.0,33.300056
41.0,33.44048
49.0,43.537563
72.0,49.398685
30.000000000000004,55.6587
30.000000000000004,37.24534
23.0,41.481186
30.000000000000004,33.916897
33.0,38.42278
51.99999999999999,42.40837
72.0,48.7413
25.0,54.517967
25.0,32.12188
17.0,36.04735
25.0,27.058058
25.0,31.309465
54.0,34.07363
67.0,42.437252
31.0,50.4657
22.000000000000004,37.45512
29.0,33.914352
7.0,36.986855
12.0,18.176605
7.0,21.025719
15.000000000000002,15.116642
7.0,18.20707
42.0,13.617921
30.000000000000004,27.547884
12.999999999999998,30.882103
9.0,21.986385
10.0,18.867214
12.0,17.938242
16.0,17.677534
25.0,20.735624
32.0,27.288546
17.0,35.144325
16.0,26.778296
19.0,26.86634
23.0,27.263485
25.0,29.572533
53.0,33.291878
42.0,42.239937
8.0,47.403275
14.0,20.380123
21.0,23.803041
9.0,24.98363
17.0,16.139563
29.0,22.308313
38.0,30.509537
11.000000000000002,38.694126
9.0,20.561657
90.99999999999999,19.73297
32.0,33.62377
34.0,25.432024
38.0,37.7037
48.0,44.340946
48.0,53.14635
93.0,55.33751
137.0,59.63118
37.0,68.30874
29.0,33.71737
63.0,40.833214
51.99999999999999,53.408436
42.0,55.48413
92.0,51.50109
131.0,60.126682
32.0,69.54651
25.999999999999996,29.725128
56.0,37.114502
59.0,49.720844
53.0,55.120396
90.0,57.48803
106.0,63.23102
37.0,70.96782
32.0,40.55581
39.0,44.613956
62.0,46.328465
51.0,54.527813
90.99999999999999,56.935196
106.99999999999999,61.7455
51.99999999999999,69.32492
28.0,55.038647
43.0,41.734703
16.0,50.482258
9.0,27.384909
16.0,20.489904
18.0,21.754189
19.0,22.654852
32.0,26.04562
51.0,34.49232
19.0,43.251274
8.0,27.350336
25.999999999999996,19.517868
20.0,27.175022
17.0,25.284298
35.0,25.84013
38.0,35.55916
14.0,42.190506
21.0,24.758064
22.000000000000004,30.065166
23.0,29.864948
20.0,30.978792
44.00000000000001,30.212215
44.00000000000001,40.083992
20.0,46.221584
17.0,29.989996
9.0,28.478235
12.0,18.925344
27.0,19.130768
46.0,27.643524
46.0,37.05942
10.0,44.85315
7.0,20.445974
67.0,18.256449
18.0,32.048954
14.0,16.123148
8.0,20.873888
10.0,15.5583935
16.0,15.625805
40.0,20.350115
60.00000000000001,31.032986
11.000000000000002,40.645607
12.999999999999998,16.81686
14.0,22.226889
3.0,20.186762
16.0,10.427207
34.0,18.282103
44.00000000000001,28.879948
21.0,38.289772
12.999999999999998,27.85262
24.0,24.407845
12.999999999999998,29.209763
16.0,21.043589
28.0,24.246544
61.0,30.970253
14.0,40.41882
12.0,19.598267
9.0,21.926638
9.0,16.621058
19.0,14.807958
24.0,21.435385
48.0,26.504902
14.0,37.004326
12.0,21.145302
66.0,22.394112
25.0,34.94059
10.0,24.657928
12.999999999999998,19.072092
27.0,20.275457
30.000000000000004,27.134245
49.0,33.56586
70.0,42.755856
17.0,51.350224
16.0,24.502361
17.0,26.85022
25.999999999999996,23.976692
28.0,28.465488
60.00000000000001,35.007523
67.0,44.124516
19.0,52.4598
16.0,26.565563
23.0,27.323858
27.0,28.052532
31.0,31.26233
45.0,38.86938
85.00000000000001,46.463448
14.0,53.354084
12.999999999999998,19.074532
9.0,22.883774
9.0,15.789569
29.0,13.816518
67.0,26.522682
73.0,36.931698
15.000000000000002,48.20803
14.0,19.888659
1.0,24.768866
1.0,9.179344
2.0,6.618866
1.0,6.839471
4.0,5.1942925
0.0,6.2157063
1.0,4.3935018
1.0,4.532734
0.0,4.334626
1.0,3.6730433
0.0,3.8190799
0.0,3.3314726
3.0,3.1500075
4.0,4.753816
1.0,6.0796523
0.0,5.2524266
1.0,4.48687
0.0,4.3260593
1.0,3.5059717
0.0,3.7362206
2.0,3.2764695
1.0,4.322278
0.0,4.138101
1.0,3.726531
0.0,3.9588501
1.0,3.3883102
1.0,3.7362206
0.0,3.863031
2.0,3.4694364
0.0,4.4052167
1.0,3.5985596
46.0,3.9411604
32.0,19.231112
44.00000000000001,26.422821
24.0,39.44612
17.0,31.892267
43.0,29.335537
67.0,39.8071
53.0,46.881355
19.0,53.139664
12.999999999999998,29.482477
28.0,25.54018
29.0,30.315447
20.0,33.294422
34.0,30.014011
36.0,39.44635
19.0,43.803585
25.999999999999996,30.420536
48.0,35.57519
29.0,43.183533
32.0,36.084682
43.0,42.188538
59.0,48.7591
15.000000000000002,53.81962
12.999999999999998,24.849306
25.0,24.141706
21.0,27.4904
14.0,26.809624
51.0,23.848118
103.99999999999999,36.064857
17.0,46.920826
30.000000000000004,15.094355
50.0,32.39564
9.0,44.393394
14.0,15.510917
20.0,22.759605
23.0,24.258396
44.00000000000001,26.525568
46.0,37.992805
61.0,46.291145
11.000000000000002,53.47498
12.999999999999998,21.055185
25.999999999999996,23.58994
14.0,26.993176
12.999999999999998,19.904795
42.0,21.871101
36.0,33.3529
19.0,38.028885
21.0,28.255339
33.0,31.449675
20.0,37.66723
27.0,29.08783
50.0,35.616745
53.0,43.40569
14.0,49.837936
7.0,23.924181
25.0,18.540894
16.0,24.862244
37.0,20.765545
45.0,34.096355
90.99999999999999,42.224052
29.0,51.89644
33.0,31.733473
15.000000000000002,41.76929
23.0,25.247969
158.0,30.004921
146.0,44.258537
74.0,62.63202
86.0,63.66009
88.00000000000001,86.97075
187.0,93.3286
193.0,91.47452
192.0,98.050255
66.0,117.731384
122.99999999999999,64.42197
96.0,103.2408
127.0,99.02646
108.0,97.88855
232.0,92.81998
88.00000000000001,103.53462
51.0,74.272255
122.99999999999999,67.839096
162.99999999999997,84.75917
103.99999999999999,93.37413
127.0,91.564804
106.99999999999999,99.78504
226.0,106.65201
79.0,109.18399
89.0,66.76117
86.0,95.02112
96.0,96.12212
94.0,95.76167
150.0,83.28446
304.0,87.76827
145.0,101.60865
161.0,114.34596
32.0,140.21844
17.0,45.821606
16.0,38.20401
20.0,20.880007
24.0,22.25474
33.0,30.414658
47.0,38.142593
68.0,45.664127
20.0,52.470318
12.0,27.765738
28.0,23.57812
19.0,29.378506
21.0,24.96667
51.99999999999999,29.689371
66.0,39.156525
15.000000000000002,47.910458
12.0,21.492746
32.0,22.671005
25.0,30.432793
25.0,29.513462
34.0,34.006287
50.0,40.629936
12.999999999999998,47.922962
61.0,23.47162
17.0,40.84126
23.0,20.08973
56.0,27.90992
12.999999999999998,39.710056
18.0,18.145718
24.0,26.130795
21.0,28.60313
27.0,27.957796
45.0,34.657745
63.0,43.0342
14.0,49.852577
21.0,22.296303
22.000000000000004,29.447607
15.000000000000002,28.227062
23.0,23.264257
50.0,30.044222
53.0,39.341274
15.000000000000002,46.87992
18.0,23.723326
19.0,28.308792
17.0,26.45256
25.0,25.036919
54.0,31.25539
60.00000000000001,40.363945
17.0,48.70473
62.0,24.939102
29.0,44.681545
19.0,32.366642
71.0,28.668104
17.0,42.501472
21.0,20.064705
27.0,27.931257
33.0,31.44325
24.0,36.601547
64.0,34.849525
118.0,45.52091
22.000000000000004,54.761703
28.0,19.491346
34.0,33.793102
32.0,36.19169
36.0,38.190746
64.0,46.96348
93.0,52.447933
27.0,58.641853
24.0,30.576756
51.0,35.23641
37.0,46.078037
45.0,42.56822
76.0,51.59938
101.00000000000001,57.058266
17.0,64.25268
97.0,20.119251
36.0,49.88994
19.0,31.496561
75.0,27.674158
34.0,44.80314
20.0,35.37908
35.0,30.062483
31.0,39.638927
51.0,39.3835
83.0,47.431625
78.0,54.298817
28.0,62.351814
36.0,34.999863
35.0,45.29682
36.0,44.045124
43.0,46.84378
109.0,52.257854
95.0,57.497272
25.0,65.623215
30.000000000000004,28.694208
43.0,39.50322
57.0,44.693485
47.0,52.34241
79.0,54.451557
116.0,60.31418
22.000000000000004,67.3995
106.0,23.434828
33.0,53.71101
35.0,28.006624
89.0,39.523422
31.0,53.226242
24.0,33.906513
32.0,35.051174
37.0,38.50861
41.0,43.17907
69.0,49.806587
98.0,54.25562
30.000000000000004,60.772854
27.0,33.17515
38.0,38.402145
36.0,42.482353
38.0,44.52385
105.0,49.42447
106.0,55.872116
39.0,65.037506
24.0,40.106644
34.0,36.943573
50.0,40.263325
47.0,49.369774
88.00000000000001,52.69139
100.0,57.935345
30.000000000000004,65.91177
32.0,33.86358
36.0,42.322044
38.0,42.75684
42.0,46.666943
71.0,52.530243
124.0,55.959297
38.0,62.737247
31.0,36.27972
32.0,42.419548
11.000000000000002,41.018543
15.000000000000002,22.87466
15.000000000000002,25.7306
7.0,23.193886
18.0,15.622819
34.0,21.628944
65.0,31.32585
10.0,41.047924
5.0,15.063539
14.0,15.051575
12.999999999999998,16.227617
15.000000000000002,15.752871
34.0,20.393377
42.0,31.14762
11.000000000000002,40.241013
12.999999999999998,20.099339
22.000000000000004,22.978455
25.0,25.878775
22.000000000000004,28.761078
29.0,30.58613
50.0,36.866886
20.0,44.839077
8.0,28.929152
14.0,19.771782
18.0,20.577728
22.000000000000004,21.995638
37.0,27.044415
34.0,36.506073
17.0,41.19139
5.0,29.043343
105.0,17.32834
30.000000000000004,33.876575
34.0,21.03194
31.0,35.66378
54.0,37.666714
46.0,49.27433
69.0,53.017372
115.0,58.028942
18.0,64.40593
39.0,19.55959
39.0,39.869583
36.0,40.768806
50.0,43.692837
101.00000000000001,52.00666
127.0,58.637325
45.0,67.48102
37.0,42.730335
51.99999999999999,49.694717
48.0,57.112442
58.0,58.59833
106.99999999999999,59.639095
149.0,63.574467
34.0,73.50742
34.0,28.839386
43.0,43.101795
42.0,45.435917
41.0,49.317787
106.99999999999999,52.631973
116.0,58.73999
35.0,67.56091
51.99999999999999,34.857742
98.0,55.993797
89.0,65.46854
93.0,70.87311
98.0,73.902306
94.0,81.789246
99.0,86.81111
106.0,86.91411
105.0,88.39266
86.0,89.99247
95.0,90.160995
92.0,89.966125
96.0,88.51175
94.0,86.84462
94.0,85.92165
97.0,86.908966
84.0,86.97085
90.0,86.90925
96.0,85.85912
94.0,85.219154
95.0,85.23472
88.00000000000001,85.397194
95.0,86.45678
97.0,86.47653
87.0,86.21222
90.0,86.20378
90.99999999999999,85.68176
102.0,85.58785
109.0,85.43313
108.0,86.53311
87.0,89.60981
94.0,91.00983
46.0,91.32322
17.0,58.522953
11.000000000000002,32.872616
19.0,22.985643
9.0,24.043175
21.0,16.58736
51.99999999999999,24.381866
88.00000000000001,34.926617
15.000000000000002,46.06665
8.0,16.40608
17.0,18.174318
22.000000000000004,18.97292
19.0,21.930605
37.0,26.363739
63.0,36.67412
20.0,45.67449
16.0,26.452759
23.0,26.736483
29.0,28.654922
22.000000000000004,32.751213
30.000000000000004,31.699795
62.0,38.29808
22.000000000000004,46.044075
11.000000000000002,28.83977
19.0,22.397696
23.0,24.704504
21.0,26.864513
45.0,29.271965
48.0,39.113083
20.0,47.08435
11.000000000000002,29.426153
37.0,22.862408
9.0,34.68517
15.000000000000002,15.256605
16.0,21.427778
12.0,21.809105
11.000000000000002,19.648273
27.0,19.298775
54.0,27.756954
12.0,37.526833
16.0,17.607258
14.0,24.148426
20.0,21.731028
17.0,24.152334
48.0,25.083776
46.0,36.08517
10.0,44.04156
11.000000000000002,19.55205
18.0,21.37223
15.000000000000002,22.242563
20.0,20.965122
30.000000000000004,25.824533
50.0,33.48352
14.0,42.44172
8.0,22.688578
10.0,18.969276
12.0,16.83045
22.000000000000004,16.488886
38.0,23.877024
49.0,33.914505
10.0,43.011005
12.999999999999998,19.237818
53.0,23.000769
15.000000000000002,34.448097
19.0,17.301834
25.0,25.078836
30.000000000000004,29.440027
25.0,34.48054
70.0,35.154133
76.0,45.533386
21.0,53.836082
20.0,26.35129
29.0,30.928633
23.0,33.242
28.0,30.750418
89.0,37.323616
66.0,46.315254
22.000000000000004,55.58931
15.000000000000002,29.363762
38.0,27.239738
36.0,36.66571
53.0,39.800148
56.0,48.240803
82.0,54.323334
30.000000000000004,60.94523
21.0,36.727516
23.0,33.42361
24.0,31.906256
23.0,32.254704
75.0,33.265232
100.0,43.290497
19.0,53.665684
21.0,19.562498
61.0,29.495258
16.0,42.698227
22.000000000000004,18.788551
18.0,29.271835
25.0,26.058487
22.000000000000004,30.011965
53.0,31.314785
68.0,41.116753
14.0,49.313774
11.000000000000002,20.532537
20.0,21.611553
28.0,23.012247
20.0,28.07377
54.0,28.062813
63.0,39.98055
16.0,49.007633
18.0,22.830833
29.0,27.972656
23.0,31.912104
30.000000000000004,29.91925
33.0,37.84483
65.0,42.000927
19.0,49.270416
17.0,26.918991
18.0,27.891317
25.0,25.762798
24.0,29.219624
39.0,32.706215
63.0,41.45455
15.000000000000002,48.42325
21.0,22.934065
40.0,29.632404
9.0,38.360626
10.0,16.264072
12.0,19.5403
29.0,18.31992
12.999999999999998,26.753405
43.0,19.21809
59.0,33.964153
15.000000000000002,43.563606
20.0,21.035505
8.0,28.175802
12.0,16.93935
14.0,17.81753
40.0,20.534016
59.0,31.21324
12.999999999999998,40.371536
18.0,18.646696
28.0,26.195608
23.0,30.670223
12.0,29.502218
42.0,22.895397
57.0,35.992798
25.0,43.884968
16.0,30.493435
20.0,26.806873
15.000000000000002,28.295044
18.0,23.851467
36.0,26.282536
56.0,35.723156
22.000000000000004,43.50528
8.0,28.833982
106.99999999999999,19.652973
32.0,36.92572
41.0,23.557442
60.00000000000001,41.20868
46.0,52.31369
43.0,54.20201
134.0,54.638626
154.0,62.881973
37.0,74.85008
47.0,29.68086
68.0,52.249428
70.0,63.683853
68.0,66.99785
86.0,65.628654
146.0,70.530136
27.0,77.46382
39.0,24.454947
55.0,43.249542
53.0,51.35927
94.0,57.5544
116.0,60.70274
170.00000000000003,69.4604
62.0,82.09019
40.0,55.083305
55.0,55.181458
35.0,62.05789
54.0,47.393562
120.00000000000001,55.48967
167.0,60.455414
45.0,73.13882
35.0,35.000504
18.0,47.20761
7.0,28.362011
7.0,17.916132
7.0,15.817815
9.0,13.351951
4.0,14.022048
22.000000000000004,10.426737
38.0,19.900507
11.000000000000002,30.779993
10.0,16.895483
8.0,18.839209
8.0,15.828845
12.0,14.131708
15.000000000000002,16.551556
30.000000000000004,19.164482
5.0,28.731522
4.0,12.851457
6.0,12.822407
11.000000000000002,11.49935
14.0,13.246925
18.0,16.681644
22.000000000000004,21.292664
7.0,26.718643
24.0,16.634245
7.0,26.702093
8.0,14.798744
64.0,15.480548
11.000000000000002,28.692467
14.0,10.638221
22.000000000000004,18.293709
23.0,23.405394
27.0,26.683378
60.00000000000001,34.150063
99.0,43.598125
12.0,53.380367
14.0,13.816726
12.999999999999998,22.043427
19.0,17.50878
24.0,19.87635
75.0,28.848276
61.0,39.71331
15.000000000000002,50.352745
21.0,22.795025
33.0,30.359905
35.0,34.9074
22.000000000000004,39.3741
43.0,33.054592
81.0,44.251896
22.000000000000004,50.803585
80.0,25.941584
24.0,47.445187
25.999999999999996,25.123768
55.0,32.819252
24.0,44.635864
21.0,30.09017
36.0,31.907946
38.0,39.4589
31.0,44.025593
83.0,41.454586
103.99999999999999,50.877995
22.000000000000004,60.09925
28.0,23.35289
38.0,35.37248
35.0,39.47411
38.0,41.835693
85.00000000000001,49.07
88.00000000000001,54.94103
25.999999999999996,61.925526
23.0,30.698877
44.00000000000001,34.846684
43.0,43.525253
57.0,47.476997
70.0,53.240047
102.0,58.58939
34.0,65.6256
113.0,37.617855
22.000000000000004,60.506447
28.0,20.216808
34.0,33.295177
3.0,36.681957
10.0,12.277822
10.0,19.096136
14.0,16.173717
12.0,17.43135
33.0,18.283634
58.0,29.741142
15.000000000000002,39.47397
8.0,20.500055
12.0,18.08511
12.999999999999998,17.82596
15.000000000000002,17.352839
35.0,21.07734
58.0,31.563831
10.0,40.967243
9.0,16.408106
12.0,18.750591
14.0,17.163607
29.0,17.559292
27.0,28.498287
63.0,32.442696
12.999999999999998,42.82835
8.0,19.62806
12.0,18.467854
18.0,17.137205
14.0,19.522337
27.0,20.914217
34.0,29.194374
5.0,37.090786
12.0,15.852444
22.000000000000004,20.390259
8.0,24.314178
14.0,14.526413
12.0,19.560848
12.0,19.386753
8.0,19.371977
19.0,15.895549
58.0,21.712528
6.0,32.88046
7.0,9.39711
9.0,14.2527895
8.0,13.5624485
11.000000000000002,11.911187
35.0,15.586046
38.0,27.546415
5.0,36.012486
11.000000000000002,13.960373
19.0,19.237564
19.0,22.151508
12.999999999999998,23.03967
22.000000000000004,21.191004
42.0,27.545496
11.000000000000002,37.248383
7.0,18.811111
16.0,16.891129
8.0,19.809956
19.0,14.107071
19.0,21.220692
39.0,23.879875
12.999999999999998,35.07682
22.000000000000004,20.468897
22.000000000000004,28.929934
2.0,29.442476
10.0,12.341445
18.0,16.708406
18.0,20.5835
8.0,22.23311
47.0,16.047785
32.0,30.897806
16.0,33.659992
6.0,24.996096
21.0,16.611885
29.0,23.758902
25.0,29.36737
43.0,31.788977
23.0,41.60932
10.0,32.40577
16.0,22.012197
33.0,23.675808
25.0,32.043728
21.0,31.124918
29.0,30.577698
54.0,36.55427
4.0,44.633644
25.0,13.146852
25.999999999999996,27.13112
15.000000000000002,28.335258
20.0,22.044598
38.0,27.70771
39.0,38.027042
18.0,42.795677
19.0,28.579344
44.00000000000001,30.176199
7.0,39.438133
22.000000000000004,14.541852
27.0,25.899176
25.999999999999996,29.61019
32.0,31.963005
65.0,39.49369
70.0,48.295414
23.0,55.23341
16.0,30.200146
32.0,27.901018
30.000000000000004,33.94765
38.0,35.80836
67.0,44.443043
70.0,50.988144
23.0,57.837418
21.0,30.874718
43.0,32.815224
33.0,42.145733
49.0,39.23181
60.00000000000001,48.6849
84.0,54.514305
17.0,60.847687
68.0,23.41792
24.0,47.61894
24.0,25.871155
21.0,31.15147
54.0,30.333181
87.0,41.057663
28.0,50.119987
33.0,30.257105
48.0,40.981026
38.0,49.874268
19.0,46.524246
24.0,31.9697
20.0,34.925987
34.0,29.969477
57.0,37.760696
62.0,45.780685
18.0,52.65661
12.0,26.603155
24.0,23.730215
21.0,26.992409
28.0,26.755234
44.00000000000001,34.315453
64.0,42.48648
25.999999999999996,50.158195
14.0,33.53541
25.0,26.017609
19.0,30.25778
30.000000000000004,26.62961
42.0,34.83933
69.0,42.996765
14.0,50.188816
16.0,21.322329
25.0,25.84169
22.000000000000004,28.056551
32.0,27.924383
41.0,37.669586
80.0,44.937504
23.0,51.86632
21.0,28.351353
63.0,31.837769
27.0,42.935863
25.999999999999996,30.149252
29.0,35.919575
42.0,37.943516
64.0,45.687584
55.0,51.606827
68.0,56.654465
31.0,61.731552
65.0,41.13157
66.0,55.579742
35.0,59.648945
47.0,43.25806
75.0,54.358013
78.0,60.1913
29.0,64.083694
30.000000000000004,36.00092
55.0,41.56588
48.0,50.26569
58.0,53.30777
53.0,57.395573
78.0,60.739685
25.999999999999996,64.67491
40.0,34.61187
35.0,46.465656
38.0,43.246605
46.0,48.043232
49.0,53.306404
90.99999999999999,56.210304
40.0,59.52841
31.0,44.499977
35.0,43.10901
10.0,45.192287
9.0,23.09336
14.0,20.45827
17.0,19.69418
12.0,21.040667
28.0,19.522621
48.0,29.203669
17.0,38.858826
16.0,24.051802
12.0,26.005276
22.000000000000004,20.982937
17.0,25.487339
41.0,24.686314
40.0,35.735466
9.0,42.363415
12.0,19.864664
17.0,22.082542
14.0,22.299057
22.000000000000004,20.528076
39.0,26.519478
45.0,36.463486
16.0,44.32965
15.000000000000002,25.770584
16.0,26.198774
14.0,24.106983
27.0,22.017622
39.0,29.987856
51.0,38.562626
14.0,46.26896
17.0,23.57737
37.0,27.384748
11.000000000000002,35.81619
9.0,17.89187
16.0,18.40206
25.999999999999996,20.736647
17.0,26.429457
24.0,24.023842
49.0,30.552948
12.999999999999998,40.393303
8.0,20.581707
17.0,18.380367
12.0,20.90793
64.0,17.813927
7.0,31.709538
9.0,8.6336775
19.0,15.274847
17.0,19.410393
24.0,20.198105
39.0,28.237047
71.0,38.171795
17.0,47.17059
15.000000000000002,22.987892
16.0,25.519638
15.000000000000002,22.93204
19.0,21.557745
18.0,26.107159
63.0,26.423784
18.0,37.206028
15.000000000000002,21.635237
21.0,24.294548
9.0,26.412792
11.000000000000002,17.121264
7.0,19.545788
11.000000000000002,15.090902
7.0,16.282713
23.0,13.677741
31.0,22.342379
6.0,30.427408
8.0,14.538057
7.0,16.837334
11.000000000000002,14.114776
24.0,14.84495
6.0,23.084974
8.0,12.640949
7.0,15.173666
12.999999999999998,13.779479
18.0,16.31274
18.0,20.462885
12.999999999999998,23.423027
5.0,21.557444
8.0,14.671322
5.0,15.009877
7.0,11.765411
10.0,11.939457
25.999999999999996,13.66223
23.0,23.474714
9.0,26.952545
4.0,18.361074
80.0,13.724539
18.0,29.322704
18.0,13.575781
23.0,21.96404
30.000000000000004,26.082983
19.0,32.69926
50.0,29.29394
74.0,41.197376
23.0,49.053864
17.0,27.326958
17.0,27.85563
21.0,25.46307
76.0,26.76273
19.0,39.102066
12.0,21.040848
21.0,21.558716
24.0,24.775904
20.0,27.018436
60.00000000000001,28.944607
78.0,39.90203
27.0,49.85671
18.0,30.604155
20.0,29.321136
24.0,28.34237
25.999999999999996,30.174662
51.99999999999999,34.503
79.0,43.323284
24.0,51.380676
23.0,28.89494
35.0,33.671017
10.0,38.62551
16.0,19.484447
19.0,25.13897
21.0,25.456026
14.0,26.927519
41.0,23.42648
47.0,35.560535
10.0,43.408047
15.000000000000002,18.642183
15.000000000000002,23.754055
17.0,22.064297
40.0,22.598694
12.0,34.118267
17.0,19.1234
31.0,24.758726
24.0,32.32779
30.000000000000004,30.603964
44.00000000000001,37.597687
57.0,45.414173
14.0,51.484665
8.0,23.811584
18.0,19.352785
23.0,21.200651
17.0,24.361177
39.0,24.623882
48.0,36.106754
23.0,44.774727
17.0,31.295742
97.0,28.333218
46.0,41.809517
30.000000000000004,40.840527
28.0,38.83871
49.0,39.653465
42.0,49.598076
74.0,49.957256
137.0,55.87957
44.00000000000001,64.17709
34.0,40.230648
54.0,45.541412
50.0,56.084732
49.0,58.667168
75.0,58.769707
126.0,61.41531
29.0,67.981476
25.0,28.207645
74.0,35.580345
48.0,48.536625
60.00000000000001,48.075813
99.0,58.378662
129.0,64.9953
36.0,74.41515
36.0,34.908363
48.0,46.37764
39.0,51.342033
37.0,48.726875
78.0,49.16551
101.00000000000001,55.855988
66.0,62.799347
39.0,66.17138
15.000000000000002,50.86408
2.0,30.553843
7.0,14.131437
8.0,13.050366
8.0,12.074588
12.999999999999998,13.084898
12.0,16.238453
22.000000000000004,17.572996
2.0,24.148966
9.0,10.311845
8.0,14.697032
1.0,13.904376
5.0,7.8600993
15.000000000000002,8.954177
14.0,14.714896
3.0,17.028786
4.0,10.181842
4.0,10.803218
7.0,9.67636
7.0,10.430215
27.0,10.912791
5.0,22.283821
7.0,10.160432
5.0,13.410635
12.0,11.31645
5.0,14.439473
10.0,10.672184
18.0,13.805229
8.0,19.365236
5.0,14.540749
165.0,12.562751
48.0,30.622698
31.0,25.671932
50.0,35.150143
61.0,50.405666
63.0,60.345425
133.0,60.083294
168.0,66.241
54.0,79.74601
48.0,46.042595
47.0,60.29513
47.0,58.237103
81.0,60.765533
111.0,62.259945
184.0,66.67195
34.0,78.19669
46.0,22.85965
67.0,49.526104
59.0,60.395645
59.0,64.07538
142.0,63.392216
178.0,69.894936
22.000000000000004,82.23354
4.0,10.934237
7.0,15.847943
4.0,6.2424564
5.0,3.0119839
4.0,10.05756
25.0,9.028855
36.0,20.053808
11.000000000000002,30.233458
4.0,17.393019
10.0,13.657106
10.0,15.277556
10.0,14.373156
32.0,15.6927
35.0,27.064425
7.0,34.930435
7.0,16.28639
10.0,16.79245
11.000000000000002,15.768299
7.0,15.418192
18.0,13.846742
27.0,19.934439
10.0,27.294207
9.0,17.609768
8.0,17.950436
6.0,15.856682
10.0,12.87385
16.0,14.466436
34.0,18.447536
6.0,29.360004
4.0,12.722393
31.0,12.771489
6.0,25.133076
20.0,9.919876
42.0,20.528517
22.000000000000004,32.47553
12.999999999999998,26.758253
36.0,22.791567
34.0,35.544563
7.0,38.492252
12.999999999999998,18.000519
9.0,21.781199
15.000000000000002,16.908564
16.0,18.989838
38.0,21.330692
46.0,32.582085
10.0,41.232357
27.0,18.888018
16.0,31.20567
14.0,23.163176
29.0,22.369274
39.0,30.920675
31.0,39.322502
7.0,38.912296
6.0,19.702492
38.0,16.790834
16.0,29.136492
18.0,18.75027
27.0,23.991976
30.000000000000004,30.492535
14.0,35.846855
8.0,25.304367
31.0,19.418911
10.0,29.785908
15.000000000000002,15.855592
7.0,21.229036
12.0,14.787819
10.0,17.352283
34.0,16.767353
47.0,28.448076
8.0,37.55755
5.0,15.180681
8.0,14.614351
7.0,13.218294
14.0,11.263988
38.0,16.495783
53.0,28.243906
9.0,38.66906
12.0,15.364683
12.999999999999998,20.910612
17.0,19.111637
19.0,20.614357
31.0,25.024656
43.0,33.59602
10.0,42.08503
5.0,20.23714
9.0,15.905406
9.0,14.493005
19.0,13.266518
45.0,20.293074
41.0,31.49127
11.000000000000002,40.299873
12.0,20.80045
39.0,22.821995
16.0,33.55017
21.0,20.59418
28.0,27.402424
53.0,32.75668
18.0,42.071434
64.0,26.00325
76.0,42.854275
19.0,51.897236
25.0,22.952902
22.000000000000004,32.861565
58.0,29.805315
41.0,40.556656
63.0,45.017315
98.0,53.827953
23.0,61.57346
25.0,27.53736
66.0,34.39769
60.00000000000001,45.768497
43.0,52.739326
74.0,49.835754
72.0,60.007545
28.0,66.19162
20.0,37.327225
66.0,32.60153
30.000000000000004,45.01939
73.0,33.05281
76.0,48.393852
144.0,57.775608
24.0,69.26331
29.0,19.8077
11.000000000000002,35.793846
7.0,17.29232
5.0,14.0023155
3.0,13.149693
7.0,9.471279
5.0,10.636062
18.0,9.759072
25.999999999999996,17.031937
4.0,24.882046
3.0,11.53075
3.0,11.427319
7.0,9.468374
3.0,9.736582
11.000000000000002,7.860239
16.0,12.288651
3.0,17.08631
7.0,9.548181
5.0,12.247082
5.0,11.267009
6.0,10.404805
20.0,10.423876
16.0,18.468163
5.0,19.957592
7.0,13.106941
8.0,14.170912
7.0,13.958655
7.0,12.9432335
11.000000000000002,12.55569
32.0,14.910448
3.0,26.316147
9.0,8.78687
48.0,14.502543
16.0,28.123333
28.0,17.386711
12.999999999999998,29.11501
11.000000000000002,20.616827
36.0,20.173786
51.99999999999999,32.011528
60.00000000000001,40.292656
16.0,48.48291
11.000000000000002,23.927744
22.000000000000004,22.603691
12.999999999999998,25.093779
24.0,19.37811
32.0,28.062914
47.0,35.14635
12.0,43.844337
11.000000000000002,21.77156
40.0,21.856394
20.0,33.06197
27.0,23.783344
59.0,32.289227
48.0,42.302216
20.0,49.83623
30.000000000000004,30.590881
12.0,38.596115
19.0,22.227911
23.0,26.371305
42.0,29.493525
90.0,38.052044
25.0,47.41028
24.0,27.265018
31.0,33.861336
9.0,36.41306
12.0,18.858887
6.0,22.299124
9.0,14.414002
6.0,14.471091
31.0,12.558287
41.0,24.763369
9.0,34.21891
5.0,15.977844
10.0,14.500729
9.0,15.0035715
8.0,13.51815
32.0,14.143175
44.00000000000001,26.018421
11.000000000000002,36.0422
10.0,17.662851
18.0,19.499252
16.0,22.224852
27.0,21.524946
48.0,29.9165
48.0,39.490246
10.0,47.75093
6.0,20.61631
9.0,17.273872
19.0,14.515083
23.0,18.87253
24.0,25.327997
62.0,29.86727
12.999999999999998,40.956955
19.0,19.477522
83.0,26.830723
23.0,38.781807
25.999999999999996,21.192562
23.0,32.292812
30.000000000000004,31.297785
70.0,35.829884
66.0,46.54487
89.0,54.239647
18.0,62.37189
19.0,24.380869
30.000000000000004,30.008303
24.0,31.853811
34.0,30.212456
60.00000000000001,40.837055
67.0,47.853237
25.999999999999996,54.634357
31.0,33.639313
62.0,40.906292
43.0,49.39631
36.0,48.37932
128.0,47.396626
129.0,58.1186
32.0,70.4346
42.0,28.932835
24.0,48.002037
38.0,32.05353
42.0,42.31844
58.0,48.715122
121.0,53.482437
32.0,59.93886
41.0,31.147621
96.0,46.536423
34.0,57.350616
45.0,36.18318
31.0,50.5104
51.0,40.632874
34.0,52.371437
105.0,43.06883
99.0,54.60383
34.0,64.002045
32.0,36.77223
51.0,43.698215
55.0,52.880516
66.0,56.76785
59.0,58.858387
160.0,62.85001
44.00000000000001,70.483665
57.0,37.781372
49.0,60.374153
63.0,56.900723
72.0,66.47367
122.0,64.23206
165.0,69.856255
40.0,79.91764
63.0,33.340805
46.0,63.391754
44.00000000000001,52.469982
58.0,56.19552
97.0,60.47799
128.0,64.377235
54.0,70.2685
41.0,52.308083
38.0,54.435936
27.0,51.05819
6.0,40.74623
17.0,20.09951
27.0,23.708248
22.000000000000004,28.72777
49.0,28.302063
71.0,39.240192
38.0,49.096863
38.0,42.696785
32.0,49.036415
15.000000000000002,44.31855
16.0,28.897419
58.0,27.312862
35.0,37.499153
39.0,36.493656
15.000000000000002,45.776398
47.0,27.398607
33.0,43.141987
32.0,38.169548
56.0,41.204575
41.0,49.41253
29.0,49.523293
49.0,41.29778
54.0,50.808163
19.0,55.11611
15.000000000000002,29.44177
60.00000000000001,26.676296
66.0,38.631348
79.0,46.8216
33.0,56.276985
8.0,38.705933
1.0,21.831652
5.0,11.043781
0.0,9.243407
5.0,5.255062
1.0,7.4067
3.0,5.3684425
3.0,6.256336
3.0,6.4539566
4.0,6.791966
0.0,7.427757
2.0,5.11654
1.0,5.471525
4.0,4.729583
10.0,6.255528
2.0,10.258077
2.0,6.8106184
2.0,6.9696016
3.0,6.5630145
1.0,6.580853
11.000000000000002,5.2607155
9.0,10.466186
2.0,11.872812
0.0,8.090503
1.0,6.225589
2.0,5.4340057
3.0,5.0937157
7.0,5.5758758
5.0,8.439192
1.0,8.941805
1.0,6.6647444
78.0,5.9267178
21.0,21.718277
22.000000000000004,13.809071
28.0,24.180658
29.0,30.762112
40.0,35.62978
48.0,45.763786
83.0,50.731407
20.0,56.10315
16.0,25.86371
25.999999999999996,27.118195
28.0,29.232681
38.0,31.856981
65.0,42.89198
96.0,49.81035
31.0,57.799873
18.0,33.818817
34.0,29.993883
42.0,36.56106
25.999999999999996,43.676205
56.0,35.358162
78.0,46.70069
31.0,54.155045
25.0,35.948044
25.0,36.490185
30.000000000000004,35.013508
20.0,38.008606
71.0,31.41391
79.0,43.27456
24.0,52.065014
31.0,27.508068
28.0,38.778755
6.0,36.5264
7.0,17.695673
3.0,17.40304
4.0,10.568025
7.0,8.9849825
18.0,10.324664
28.0,17.062952
5.0,26.035522
2.0,12.401387
12.0,10.885536
12.0,14.615859
3.0,14.915439
17.0,9.473158
31.0,17.451155
6.0,27.659683
2.0,12.573263
8.0,10.479932
10.0,12.209073
7.0,12.700602
25.999999999999996,12.416815
18.0,23.132341
5.0,22.564634
6.0,14.064061
8.0,13.886573
6.0,13.519246
12.999999999999998,12.003302
17.0,15.500697
28.0,19.561533
8.0,28.306227
6.0,16.185751
84.0,15.447651
30.000000000000004,30.210417
36.0,23.748062
33.0,37.270878
45.0,40.573784
39.0,50.65843
74.0,49.34803
106.99999999999999,55.743572
23.0,62.428616
31.0,24.94
48.0,37.58322
42.0,46.14962
42.0,48.000706
64.0,52.727657
119.0,57.520653
40.0,63.52567
40.0,39.407864
55.0,49.635983
55.0,58.334698
51.99999999999999,62.201954
99.0,60.37381
110.0,64.30879
38.0,71.358894
25.0,40.4678
39.0,38.098335
43.0,43.288357
38.0,48.877686
77.0,48.160667
110.0,55.01858
38.0,62.956535
35.0,38.8481
47.0,46.169
11.000000000000002,52.51523
18.0,23.22473
16.0,27.44395
18.0,23.635635
19.0,24.306152
42.0,27.192091
35.0,36.968395
11.000000000000002,40.494698
7.0,22.71101
18.0,18.269066
20.0,21.396603
15.000000000000002,23.142353
33.0,22.505703
46.0,33.35953
14.0,42.398228
7.0,22.757492
21.0,17.813364
19.0,23.119242
28.0,23.24038
27.0,31.626991
38.0,34.767612
17.0,43.534145
11.000000000000002,28.163818
15.000000000000002,22.68195
18.0,22.458048
23.0,23.52937
27.0,28.54387
39.0,33.40822
27.0,42.15954
8.0,36.933838
85.00000000000001,20.87424
23.0,37.142056
12.999999999999998,20.416267
30.000000000000004,20.623344
27.0,29.456295
38.0,31.604979
55.0,42.168465
89.0,48.661526
17.0,56.495148
15.000000000000002,21.59455
35.0,25.496311
27.0,32.72105
35.0,31.496626
68.0,41.432205
109.0,49.09123
27.0,58.496788
18.0,27.312721
29.0,29.270681
44.00000000000001,31.907795
36.0,41.5337
49.0,43.681458
85.00000000000001,51.279568
28.0,57.46141
22.000000000000004,33.69732
28.0,33.41215
35.0,34.751022
25.999999999999996,39.861637
67.0,36.74985
100.0,46.96908
33.0,55.393696
28.0,33.89935
45.0,39.12556
16.0,47.534435
9.0,25.807417
17.0,20.552828
17.0,22.257484
21.0,22.25081
37.0,27.089695
41.0,36.520035
12.999999999999998,44.049282
9.0,23.972824
18.0,20.306448
19.0,22.378181
20.0,23.328968
34.0,27.072428
50.0,36.116222
16.0,44.467133
9.0,25.053114
25.0,20.231316
15.000000000000002,26.430466
27.0,20.790909
25.0,30.4249
45.0,32.203197
8.0,42.004932
9.0,17.687986
16.0,19.17498
21.0,19.898924
19.0,22.833683
18.0,25.755068
37.0,26.948204
19.0,37.12713
11.000000000000002,26.99478
101.00000000000001,21.683636
35.0,36.5359
29.0,28.271017
33.0,36.17039
49.0,40.51493
43.0,49.902027
76.0,52.106873
122.99999999999999,57.014687
25.999999999999996,64.552635
39.0,25.36432
56.0,42.980957
36.0,52.986206
48.0,43.224426
73.0,53.211582
130.0,58.299236
35.0,65.74171
48.0,32.46785
57.0,52.170544
58.0,59.62856
54.0,64.66825
106.0,61.713924
165.0,66.43773
35.0,75.35883
28.0,27.038673
39.0,38.472645
46.0,40.421967
40.0,47.98689
103.99999999999999,50.108864
127.0,57.457886
35.0,67.535545
41.0,32.92571
37.0,48.42681
10.0,45.3225
15.000000000000002,22.93056
17.0,25.61959
12.0,23.856037
24.0,19.856823
43.0,27.348145
56.0,37.13075
16.0,45.552654
10.0,23.897697
24.0,21.27465
25.0,26.008444
20.0,28.195385
45.0,28.939333
27.0,39.5222
14.0,34.360867
14.0,25.30408
30.000000000000004,24.16421
18.0,31.452795
16.0,25.13067
38.0,25.440058
57.0,35.96144
14.0,43.86272
12.999999999999998,21.004654
22.000000000000004,23.179367
12.0,25.74373
17.0,18.907545
51.99999999999999,24.031546
47.0,34.898384
12.0,43.29573
16.0,20.519972
78.0,25.71541
28.0,37.924534
16.0,26.218393
23.0,24.915281
29.0,29.302402
46.0,33.232132
61.0,43.0417
96.0,50.332825
20.0,58.453934
17.0,23.698952
31.0,27.956814
33.0,31.763353
36.0,35.565826
79.0,44.943447
98.0,51.90634
33.0,60.34752
25.0,35.455276
35.0,36.985973
43.0,40.472332
41.0,47.561317
51.99999999999999,50.62456
94.0,54.834393
28.0,59.82188
27.0,32.409885
33.0,37.64017
56.0,39.298965
39.0,48.05146
71.0,47.038742
99.0,55.268654
32.0,62.679157
25.999999999999996,35.802246
37.0,37.75487
11.000000000000002,41.844753
9.0,21.392996
17.0,20.002615
7.0,21.596302
14.0,13.896639
20.0,18.579014
49.0,23.155294
4.0,34.40187
8.0,9.95994
9.0,15.641918
4.0,14.051441
8.0,9.558564
29.0,12.227738
30.000000000000004,23.562141
4.0,30.245977
14.0,13.040194
17.0,20.385767
18.0,22.13174
23.0,22.964296
43.0,28.245308
41.0,38.70249
11.000000000000002,45.224113
14.0,22.666645
6.0,24.639282
17.0,14.6212845
23.0,19.223783
37.0,25.093576
42.0,35.174263
15.000000000000002,43.10721
8.0,25.982883
94.0,19.687996
35.0,34.56694
35.0,27.741331
30.000000000000004,39.518246
49.0,39.19403
41.0,50.225925
56.0,49.789646
99.0,55.581345
19.0,60.705357
32.0,23.059849
42.0,36.652203
34.0,42.073456
45.0,41.192783
75.0,50.44478
118.0,55.933468
35.0,63.444717
35.0,34.425594
46.0,44.843273
55.0,50.31589
44.00000000000001,57.463795
90.99999999999999,53.319912
135.0,60.32785
30.000000000000004,69.052414
35.0,27.277092
38.0,41.91292
41.0,42.234665
38.0,47.524445
96.0,49.684353
103.0,56.42062
33.0,64.528404
42.0,35.05278
51.99999999999999,49.367283
20.0,56.055885
12.999999999999998,31.521982
22.000000000000004,25.003578
25.999999999999996,27.364393
27.0,30.315071
69.0,35.2817
75.0,44.61403
29.0,53.894173
15.000000000000002,34.487953
33.0,27.276752
18.0,35.24859
25.0,25.430641
70.0,32.158928
71.0,41.83311
21.0,51.440598
22.000000000000004,26.810064
42.0,32.638474
36.0,41.620346
34.0,41.93121
71.0,44.67794
87.0,52.376945
17.0,59.627945
23.0,22.002209
25.0,31.11134
22.000000000000004,29.802986
31.0,29.29961
54.0,38.570793
73.0,45.912006
29.0,52.75963
14.0,35.10656
72.0,26.275467
30.000000000000004,41.599987
24.0,30.295925
25.0,32.776672
24.0,34.31445
41.0,33.947037
64.0,42.878605
84.0,49.193424
20.0,56.593292
28.0,25.267946
22.000000000000004,35.801723
34.0,29.710365
35.0,37.100166
59.0,43.686974
108.0,50.1386
27.0,57.557167
34.0,27.929317
33.0,40.64301
45.0,39.91735
32.0,48.59891
65.0,42.7111
111.0,51.57982
31.0,58.994564
27.0,31.35805
43.0,37.664837
33.0,44.88531
46.0,41.138817
59.0,50.24199
108.0,54.671333
36.0,61.27385
42.0,37.312378
30.000000000000004,49.86009
16.0,40.085743
17.0,28.7419
12.0,27.880331
15.000000000000002,21.592
15.000000000000002,22.452858
36.0,22.957308
25.0,33.066227
10.0,30.807102
11.000000000000002,20.736557
17.0,20.600061
18.0,22.355381
18.0,23.627863
30.000000000000004,25.628784
37.0,33.7099
9.0,41.004234
15.000000000000002,20.227448
17.0,24.299238
12.0,23.593214
20.0,19.658737
21.0,25.087536
27.0,27.746035
10.0,33.148834
8.0,20.587744
12.999999999999998,18.459541
12.0,19.039946
15.000000000000002,18.03842
23.0,20.524712
21.0,26.3986
17.0,28.303616
9.0,26.532661
31.0,19.501886
16.0,30.549938
4.0,22.265175
15.000000000000002,13.640488
7.0,18.549797
14.0,13.414962
23.0,17.69095
30.000000000000004,23.84045
10.0,32.219696
9.0,19.285225
14.0,19.225058
10.0,19.953197
21.0,16.767262
34.0,23.30284
41.0,32.73803
10.0,41.405773
9.0,20.22124
12.999999999999998,19.882137
15.000000000000002,18.718067
20.0,19.32578
37.0,24.492933
28.0,34.811653
16.0,34.727806
9.0,27.21947
6.0,20.216604
12.999999999999998,15.0862665
14.0,17.0777
25.0,18.681326
30.000000000000004,26.004902
12.999999999999998,33.270496
10.0,23.054728
57.0,20.668255
25.0,33.28914
18.0,25.83731
16.0,26.27752
29.0,25.05748
25.999999999999996,32.045853
44.00000000000001,33.677822
56.0,42.81794
17.0,49.491768
21.0,26.457052
20.0,30.979355
33.0,28.455158
30.000000000000004,35.47438
51.0,38.43365
73.0,46.648476
21.0,53.38111
24.0,27.977188
28.0,33.83566
29.0,34.43571
36.0,36.50339
49.0,45.036186
74.0,50.209846
22.000000000000004,55.19349
21.0,29.119513
25.0,32.13079
24.0,31.792429
17.0,32.043015
47.0,28.190548
59.0,39.21507
27.0,46.6928
28.0,33.18639
66.0,38.48776
51.99999999999999,47.99941
31.0,53.419888
45.0,40.69679
41.0,51.975376
49.0,51.10886
69.0,56.005257
88.00000000000001,58.30565
21.0,63.54365
30.000000000000004,26.962723
46.0,37.607445
64.0,45.253532
46.0,52.201675
50.0,52.228874
85.00000000000001,59.4918
43.0,63.801353
39.0,49.984245
67.0,51.10927
70.0,58.714497
48.0,63.725014
68.0,55.467625
79.0,63.83646
38.0,68.52647
29.0,46.72411
49.0,41.849575
44.00000000000001,51.682407
49.0,52.598007
64.0,56.077393
100.0,58.906185
44.00000000000001,64.355545
41.0,47.24721
53.0,53.060066
17.0,60.0871
7.0,30.429413
21.0,19.255852
25.999999999999996,23.416527
25.999999999999996,27.119823
37.0,32.812485
67.0,41.21373
14.0,49.595703
12.0,21.69974
18.0,22.513554
12.999999999999998,22.43664
38.0,19.23245
57.0,32.51252
71.0,41.557644
24.0,51.124
21.0,29.970688
37.0,32.691868
28.0,39.184464
23.0,35.620663
24.0,34.12489
72.0,34.774265
22.000000000000004,44.137016
18.0,26.097864
18.0,28.17878
19.0,26.432991
28.0,26.166906
41.0,33.552784
79.0,41.662403
17.0,49.531574
21.0,22.261171
72.0,29.71116
29.0,41.310978
23.0,29.350859
40.0,32.918606
20.0,42.810764
34.0,29.027557
70.0,39.444107
89.0,47.38552
20.0,55.911934
28.0,23.587051
24.0,35.317284
35.0,31.174063
31.0,38.224995
67.0,40.76318
115.0,49.05485
32.0,57.70526
31.0,31.145313
35.0,40.52936
43.0,41.65445
37.0,48.489044
68.0,47.996403
124.0,54.259987
33.0,61.84965
30.000000000000004,31.390217
36.0,39.985207
29.0,41.674923
32.0,38.469456
70.0,43.52966
105.0,50.00827
38.0,58.29389
43.0,38.5159
68.0,51.163773
25.0,59.81591
18.0,34.696823
24.0,29.8218
24.0,30.954327
28.0,31.51287
46.0,36.737217
87.0,44.558002
21.0,52.090336
21.0,24.976732
25.0,30.857462
22.000000000000004,30.791485
32.0,29.701788
59.0,38.99804
76.0,46.3623
21.0,53.660004
12.0,27.01637
29.0,23.583588
27.0,29.699064
31.0,31.115236
54.0,38.814854
80.0,46.44171
30.000000000000004,54.486122
16.0,35.165028
23.0,28.033283
25.999999999999996,29.92605
24.0,31.811073
43.0,33.324318
73.0,42.671673
18.0,49.865814
20.0,23.989548
74.0,29.635592
25.0,41.380325
23.0,25.483496
51.0,32.34694
27.0,43.159515
30.000000000000004,33.157864
47.0,39.710228
96.0,47.234573
15.000000000000002,54.513275
30.000000000000004,17.933058
28.0,33.27294
47.0,32.212456
40.0,42.677494
67.0,47.469505
93.0,54.853374
25.999999999999996,61.04303
27.0,30.68434
40.0,37.211727
65.0,42.676643
38.0,50.940987
47.0,44.77237
99.0,54.422955
25.0,60.664932
35.0,29.383066
47.0,40.807884
55.0,48.156364
30.000000000000004,55.03207
66.0,39.62184
66.0,51.99955
38.0,58.037758
30.000000000000004,45.74777
83.0,42.50514
39.0,53.565254
32.0,42.793858
46.0,43.17023
44.00000000000001,51.918472
48.0,54.181084
89.0,56.421173
125.0,59.74431
49.0,67.71667
25.999999999999996,47.391144
51.0,39.06858
51.0,52.49674
58.0,56.84725
99.0,57.45111
110.0,62.422134
48.0,71.319176
49.0,50.349575
53.0,60.699795
66.0,64.05445
62.0,67.646324
94.0,64.18461
136.0,67.689514
42.0,74.78839
18.0,40.835995
47.0,31.245588
37.0,44.41231
49.0,42.395054
103.0,50.186943
137.0,57.48366
29.0,68.945
33.0,25.038757
23.0,40.58662
6.0,30.257912
15.000000000000002,16.145826
12.999999999999998,21.942204
14.0,19.940178
16.0,20.631735
19.0,22.487886
45.0,25.660866
8.0,35.6601
5.0,15.233388
10.0,14.460713
14.0,14.436806
12.0,16.021183
24.0,17.819086
27.0,25.532743
9.0,31.281635
12.999999999999998,19.099354
15.000000000000002,22.068274
14.0,22.174732
15.000000000000002,21.246809
24.0,22.531815
41.0,28.182444
11.000000000000002,37.506443
11.000000000000002,19.488285
11.000000000000002,21.009733
14.0,18.498648
12.0,18.982344
31.0,19.259825
44.00000000000001,29.452785
8.0,38.575447
10.0,16.363407
3.0,19.279648
2.0,10.73585
1.0,7.886022
1.0,6.3935056
0.0,5.142929
1.0,3.88089
3.0,3.9335754
4.0,5.091075
0.0,6.368444
1.0,4.6818223
1.0,4.77271
0.0,4.447412
1.0,3.6730433
3.0,3.8190799
6.0,5.091075
2.0,7.485954
0.0,6.4692655
1.0,5.159855
3.0,4.7934113
2.0,5.5278106
1.0,5.2638
4.0,4.9627805
0.0,6.4910927
2.0,4.487532
4.0,5.120007
0.0,6.372507
0.0,4.548963
6.0,3.981034
4.0,6.9061255
0.0,7.0817895
2.0,4.99911
36.0,5.652201
5.0,20.196829
12.0,6.5041184
12.999999999999998,14.388779
21.0,16.70731
17.0,22.884226
37.0,23.703442
35.0,35.17112
17.0,40.27505
12.999999999999998,28.008846
19.0,24.436563
22.000000000000004,25.901031
19.0,27.763157
30.000000000000004,27.90847
38.0,35.33423
11.000000000000002,42.634575
18.0,22.196829
24.0,27.078455
33.0,29.10698
21.0,35.383617
34.0,30.24398
40.0,40.37022
12.0,45.761013
16.0,23.48532
24.0,26.22292
14.0,28.618288
14.0,21.773863
31.0,23.22916
43.0,32.138996
12.0,40.124275
20.0,20.67084
25.0,27.821314
5.0,30.293797
8.0,14.199312
6.0,16.707422
8.0,13.288198
7.0,12.858005
27.0,12.488184
42.0,23.221336
9.0,33.660587
9.0,15.566547
9.0,18.174019
9.0,16.002136
10.0,14.431676
30.000000000000004,15.789521
30.000000000000004,26.421915
12.0,32.09013
2.0,21.286222
10.0,12.811591
8.0,15.036757
12.999999999999998,13.002367
16.0,16.330206
30.000000000000004,19.56072
7.0,29.544065
9.0,15.058656
10.0,17.69839
6.0,16.550013
12.999999999999998,12.768608
21.0,16.429289
22.000000000000004,22.202667
9.0,26.35709
10.0,18.260859
21.0,19.335566
6.0,24.129835
3.0,13.339685
4.0,10.906075
3.0,9.915991
6.0,8.174766
12.0,9.129119
5.0,13.118617
7.0,10.335007
9.0,11.911915
6.0,13.620201
4.0,12.165286
10.0,10.323739
28.0,13.033751
5.0,23.410944
2.0,10.349499
2.0,9.656893
6.0,7.8465757
9.0,8.540143
12.999999999999998,10.939351
12.999999999999998,14.906066
5.0,17.607622
10.0,12.813975
3.0,15.444191
6.0,9.956269
9.0,10.82144
14.0,12.424809
28.0,16.38734
4.0,25.833273
8.0,11.226732
34.0,15.238462
10.0,27.55137
16.0,14.184433
17.0,20.717083
12.0,22.794615
11.000000000000002,20.16826
32.0,19.577547
65.0,30.009607
11.000000000000002,39.507286
12.999999999999998,15.135827
15.000000000000002,21.191095
12.999999999999998,20.546104
55.0,18.810417
60.00000000000001,32.443768
10.0,42.966187
10.0,15.646786
23.0,19.477942
19.0,23.816734
19.0,23.381077
33.0,27.134878
51.0,35.795155
16.0,44.04695
10.0,24.63996
14.0,21.040228
10.0,20.494272
19.0,16.85917
28.0,22.8706
40.0,29.713352
21.0,39.184628
15.000000000000002,29.682035
39.0,26.513597
7.0,37.322155
14.0,14.61372
12.999999999999998,20.703308
19.0,19.489315
15.000000000000002,22.613245
37.0,22.398262
41.0,33.953014
10.0,41.45753
1.0,19.986673
11.000000000000002,11.99397
9.0,14.080484
14.0,12.65846
30.000000000000004,17.0488
34.0,27.110088
8.0,35.70429
7.0,18.061354
17.0,17.371738
8.0,20.216574
21.0,13.966805
32.0,22.140951
32.0,31.241398
7.0,37.60086
10.0,18.638182
12.0,20.486908
11.000000000000002,18.46668
16.0,17.1252
24.0,20.707035
34.0,26.81838
14.0,35.5384
9.0,23.39068
22.000000000000004,19.941895
10.0,25.15779
7.0,16.785925
12.0,15.304521
7.0,17.151335
10.0,13.877002
34.0,15.2684555
61.0,27.203949
12.999999999999998,37.665413
9.0,16.872526
12.0,18.453203
11.000000000000002,17.647297
12.999999999999998,15.998589
29.0,19.226107
40.0,28.296019
9.0,37.47101
3.0,17.763784
9.0,13.421064
10.0,13.617408
15.000000000000002,13.26165
20.0,17.915506
30.000000000000004,22.983618
10.0,31.820154
8.0,19.207186
12.0,18.115656
5.0,18.224161
11.000000000000002,12.015878
31.0,15.208465
23.0,26.17952
10.0,26.924782
9.0,19.238008
43.0,18.32161
16.0,30.815388
19.0,19.412395
23.0,25.219757
22.000000000000004,28.772764
15.000000000000002,30.260162
35.0,25.67258
37.0,36.406662
12.0,41.485447
14.0,22.686924
12.0,24.35028
20.0,20.33283
17.0,23.835548
42.0,24.270208
53.0,35.146416
19.0,43.767963
12.999999999999998,26.656986
19.0,24.095705
17.0,25.332256
37.0,24.167759
37.0,35.422066
58.0,40.980568
10.0,49.069096
12.0,19.583063
15.000000000000002,22.293104
19.0,20.303312
21.0,22.146261
29.0,27.367548
41.0,34.346188
12.999999999999998,42.77094
17.0,23.716095
31.0,27.088564
7.0,33.011475
8.0,15.281652
9.0,17.104128
10.0,15.525352
14.0,15.078402
29.0,18.229427
59.0,27.638012
11.000000000000002,38.1459
7.0,16.488235
11.000000000000002,16.766684
8.0,15.897666
21.0,13.086033
39.0,21.736391
40.0,32.323135
5.0,40.64448
11.000000000000002,15.645387
14.0,20.306606
19.0,19.119093
12.0,21.599045
25.999999999999996,19.370768
45.0,28.576529
12.999999999999998,38.307655
3.0,20.71827
15.000000000000002,13.532939
10.0,17.767162
15.000000000000002,14.81912
25.999999999999996,19.156515
38.0,26.666737
12.0,37.15068
16.0,20.844221
42.0,25.516224
19.0,35.648388
15.000000000000002,24.207783
16.0,24.382454
11.000000000000002,24.546219
17.0,19.759573
29.0,23.29574
44.00000000000001,30.745161
18.0,39.70078
16.0,26.189123
14.0,26.831383
17.0,23.114767
30.000000000000004,23.853104
62.0,32.449013
44.00000000000001,41.46354
19.0,46.963806
18.0,30.477516
35.0,30.057644
23.0,36.924988
22.000000000000004,30.434711
46.0,32.223095
58.0,41.445995
24.0,48.41855
12.999999999999998,31.721062
27.0,24.872644
15.000000000000002,30.798447
12.999999999999998,22.524412
48.0,22.445713
38.0,33.865158
15.000000000000002,38.930206
22.000000000000004,24.384686
121.0,30.70831
38.0,43.208965
24.0,30.071556
51.0,32.925625
60.00000000000001,47.685066
80.0,55.135853
116.0,58.14529
132.0,66.692795
39.0,78.91259
40.0,39.214504
51.99999999999999,51.257877
51.99999999999999,55.82579
55.0,61.171867
122.99999999999999,59.941025
122.99999999999999,64.86848
50.0,74.428856
55.0,49.80156
55.0,65.04954
62.0,66.73955
58.0,69.99812
110.0,64.91044
110.0,68.23897
61.0,74.61146
141.0,63.752792
54.0,80.04357
29.0,55.163223
40.0,43.26785
18.0,47.877827
12.999999999999998,29.135668
12.999999999999998,24.720484
18.0,21.890312
32.0,23.498959
48.0,32.619358
70.0,41.189476
14.0,49.86169
20.0,21.127752
15.000000000000002,28.624893
18.0,22.4691
19.0,23.642128
49.0,27.353996
74.0,37.12521
20.0,46.23394
12.999999999999998,24.319384
27.0,23.761103
25.0,28.959793
29.0,29.836985
40.0,37.02442
51.0,44.44113
14.0,50.662876
69.0,24.857857
12.0,42.463326
17.0,14.335845
84.0,21.84267
25.999999999999996,36.41251
15.000000000000002,22.866352
41.0,23.808695
30.000000000000004,37.80507
47.0,35.006226
60.00000000000001,45.44968
103.0,52.06456
20.0,60.454613
28.0,22.529762
31.0,34.750736
21.0,34.763763
61.0,29.171726
70.0,43.633087
80.0,51.317635
33.0,59.41327
32.0,39.3549
43.0,44.593346
36.0,49.288815
43.0,46.524937
79.0,52.306805
92.0,56.69778
30.000000000000004,62.931557
70.0,34.262676
34.0,56.021023
29.0,39.08492
75.0,40.0229
18.0,50.2875
23.0,23.642788
31.0,31.234304
31.0,34.614178
29.0,37.165382
58.0,40.18365
94.0,48.15264
27.0,55.377052
22.000000000000004,29.730555
38.0,33.023457
25.0,39.736153
39.0,32.682213
70.0,43.889977
83.0,50.450077
25.999999999999996,57.925785
23.0,31.142956
54.0,34.732487
46.0,45.52834
42.0,48.58367
74.0,50.961246
99.0,58.02463
23.0,64.97445
94.0,26.709723
25.0,52.737305
22.000000000000004,23.549644
83.0,29.686707
36.0,44.142406
18.0,35.255344
47.0,28.651617
40.0,43.582405
60.00000000000001,45.37922
78.0,51.81228
87.0,58.378357
34.0,66.193344
23.0,40.29399
31.0,36.216053
35.0,38.070053
38.0,42.02444
83.0,47.94039
81.0,53.732037
33.0,60.73029
37.0,38.750175
37.0,47.356556
40.0,47.18611
46.0,51.205673
71.0,54.590164
79.0,57.456165
37.0,61.978462
76.0,43.80344
34.0,59.398457
24.0,40.475754
51.0,36.38893
25.0,46.995262
18.0,32.78778
35.0,29.103733
30.000000000000004,37.983467
36.0,37.47906
42.0,44.12952
55.0,49.737698
17.0,54.316402
12.999999999999998,27.771214
33.0,24.63024
34.0,32.49998
35.0,36.74869
47.0,43.22192
51.99999999999999,49.82066
22.000000000000004,55.01153
22.000000000000004,33.105
60.00000000000001,33.701458
33.0,43.12865
38.0,37.05704
55.0,46.165077
68.0,53.122795
17.0,58.901775
20.0,25.736622
43.0,30.270018
27.0,39.839127
35.0,32.43568
58.0,42.229244
59.0,49.58946
20.0,55.70313
24.0,29.602055
73.0,34.51165
30.000000000000004,44.45201
16.0,32.061214
33.0,26.99931
28.0,36.061115
51.0,35.12427
53.0,44.68274
99.0,51.1472
16.0,59.01361
21.0,19.553415
32.0,28.964811
28.0,32.10389
55.0,33.050045
74.0,45.600338
73.0,53.097427
25.999999999999996,60.783787
40.0,34.03487
57.0,47.102577
35.0,53.741005
50.0,43.45015
89.0,52.864834
93.0,58.893204
24.0,66.17919
25.0,28.514069
42.0,35.896935
30.000000000000004,42.385292
44.00000000000001,37.18954
90.0,47.922344
93.0,54.289738
36.0,63.023933
27.0,39.577477
61.0,39.779446
17.0,51.58974
19.0,24.285038
34.0,28.796637
25.0,35.443886
41.0,31.919815
63.0,43.133568
68.0,49.804134
17.0,56.607452
18.0,25.356987
32.0,29.041935
34.0,33.516598
30.000000000000004,37.799065
60.00000000000001,40.07922
70.0,48.62996
23.0,55.27793
23.0,30.37989
56.0,34.082844
16.0,44.347317
34.0,21.864529
48.0,36.79881
75.0,45.085716
103.99999999999999,52.502136
31.0,60.29142
19.0,33.233437
69.0,31.273937
47.0,45.65021
77.0,46.563152
106.0,56.565605
116.0,65.58216
34.0,76.6306
29.0,36.283627
46.0,42.292465
41.0,47.91605
57.0,49.090927
117.00000000000001,55.121357
111.0,61.05306
28.0,71.24851
37.0,29.685463
79.0,44.876087
51.99999999999999,55.537605
53.0,54.396584
100.0,61.56246
115.0,66.76661
32.0,73.96874
24.0,33.441063
56.0,36.637135
32.0,49.04204
54.0,37.294556
121.0,49.611176
111.0,58.134018
23.0,70.22427
33.0,23.972097
44.00000000000001,40.153625
25.0,44.162106
11.000000000000002,33.229607
28.0,23.459007
17.0,31.428732
22.000000000000004,24.31825
48.0,29.191053
55.0,38.63913
12.999999999999998,46.95856
14.0,21.635164
24.0,24.501585
24.0,27.15626
17.0,28.755047
50.0,26.75696
49.0,38.52436
18.0,46.363216
15.000000000000002,26.480595
25.999999999999996,26.103699
27.0,30.155663
25.999999999999996,32.511456
49.0,35.735783
58.0,44.297535
25.0,50.987774
16.0,33.556976
25.0,27.97642
16.0,31.18138
14.0,24.569885
49.0,23.791481
55.0,35.0775
24.0,43.620014
19.0,29.989328
55.0,29.884617
20.0,41.98384
14.0,25.123781
24.0,24.066612
15.000000000000002,28.63928
30.000000000000004,22.636581
47.0,33.15671
64.0,41.622948
14.0,49.434254
20.0,21.650494
20.0,28.933483
14.0,26.673754
41.0,22.170113
57.0,35.157806
58.0,43.673626
28.0,51.534912
30.000000000000004,36.31407
37.0,41.663414
31.0,44.91027
35.0,41.884785
59.0,46.145905
59.0,51.599182
23.0,56.49878
9.0,32.65494
17.0,21.620306
25.0,22.8066
40.0,26.945385
39.0,37.685593
83.0,43.81876
31.0,52.800446
25.0,36.035515
37.0,36.47415
16.0,42.161125
10.0,26.188742
20.0,21.424925
24.0,24.845833
32.0,27.691864
28.0,36.025993
54.0,36.91873
9.0,46.603848
9.0,18.445738
15.000000000000002,19.331606
11.000000000000002,19.023443
17.0,16.540195
32.0,21.618471
42.0,31.20208
20.0,40.233723
10.0,28.53109
23.0,21.690321
15.000000000000002,27.180033
25.999999999999996,22.00065
46.0,30.01133
49.0,39.193714
17.0,47.465237
11.000000000000002,26.731375
21.0,22.703419
22.000000000000004,25.382141
19.0,26.7611
36.0,27.872374
37.0,37.567986
15.000000000000002,43.25697
16.0,26.372276
110.0,27.060791
31.0,39.352226
29.0,24.163273
49.0,35.314262
51.0,47.441772
76.0,54.246204
101.00000000000001,57.65841
103.0,64.57658
30.000000000000004,73.78615
22.000000000000004,34.993256
42.0,35.593422
32.0,42.110596
62.0,38.88405
101.00000000000001,49.023506
103.0,57.235893
38.0,67.84721
32.0,40.87962
78.0,45.400005
51.99999999999999,55.992313
64.0,55.544346
96.0,62.31098
135.0,67.29689
47.0,75.99264
30.000000000000004,45.08938
46.0,43.38024
41.0,50.527813
53.0,50.53014
97.0,55.80576
122.0,59.91596
33.0,68.79493
38.0,32.429367
47.0,46.404747
20.0,50.637726
12.0,30.972689
25.0,24.181797
19.0,28.894543
29.0,25.909363
33.0,34.09254
36.0,39.55142
18.0,45.199963
15.000000000000002,30.606838
27.0,26.90741
23.0,31.44533
23.0,30.436571
37.0,32.73678
53.0,40.77167
14.0,47.518238
19.0,23.497879
27.0,28.487797
25.999999999999996,31.195972
27.0,32.533405
44.00000000000001,36.99945
63.0,44.87049
15.000000000000002,50.977318
12.999999999999998,23.443653
33.0,23.854713
20.0,31.601334
17.0,25.369862
47.0,26.39989
53.0,37.319427
18.0,45.584873
14.0,25.698847
75.0,24.98249
19.0,38.29304
17.0,18.595688
27.0,24.957817
14.0,29.884352
25.999999999999996,21.553381
51.99999999999999,31.525879
73.0,40.507175
14.0,48.86437
9.0,19.554453
18.0,19.714554
23.0,20.658335
25.0,23.81587
62.0,30.995047
67.0,41.21689
17.0,51.19337
20.0,24.095682
25.0,29.94537
22.000000000000004,30.444397
25.999999999999996,29.601688
53.0,35.394753
64.0,43.524406
22.000000000000004,50.641823
12.999999999999998,29.514925
18.0,24.746147
38.0,24.710386
21.0,34.622787
50.0,27.783117
69.0,40.659943
22.000000000000004,49.486656
19.0,27.766459
77.0,29.905575
23.0,42.355316
17.0,23.561653
33.0,26.420605
25.0,34.45977
43.0,31.64962
70.0,43.010963
72.0,49.95288
27.0,57.7731
15.000000000000002,34.283596
41.0,27.726135
33.0,39.291027
32.0,38.156868
59.0,41.44664
83.0,49.416126
22.000000000000004,57.04934
21.0,27.340593
48.0,31.752981
21.0,42.60768
39.0,26.824812
51.99999999999999,41.558334
79.0,48.45361
20.0,55.203022
23.0,25.908642
35.0,32.810368
25.999999999999996,37.324764
30.000000000000004,33.47443
53.0,40.18105
70.0,47.08037
19.0,53.595577
33.0,26.312605
79.0,38.560555
35.0,48.16152
30.000000000000004,37.09218
43.0,40.65027
37.0,48.88401
49.0,47.167274
90.99999999999999,53.135834
106.99999999999999,58.003277
28.0,65.96511
24.0,29.877457
33.0,35.82336
34.0,37.092438
48.0,40.261517
82.0,49.737335
98.0,55.177074
41.0,62.94607
34.0,44.037014
64.0,46.683586
57.0,56.671497
56.0,60.546246
72.0,61.51368
93.0,64.607925
43.0,69.4999
23.0,48.87601
41.0,36.466717
48.0,45.82139
47.0,52.415768
100.0,53.61655
106.0,58.987354
34.0,68.00103
30.000000000000004,36.516453
15.000000000000002,42.283215
18.0,25.72961
15.000000000000002,26.796993
12.0,24.395725
24.0,21.09324
49.0,27.539284
49.0,37.179512
14.0,45.482876
12.0,23.192667
15.000000000000002,23.23907
22.000000000000004,21.523573
25.0,24.92836
50.0,30.700443
58.0,40.31567
10.0,48.920647
21.0,19.1157
29.0,27.95341
11.000000000000002,30.998514
24.0,18.52931
41.0,29.000532
51.99999999999999,38.597736
16.0,45.369987
16.0,24.44406
18.0,27.006468
21.0,25.349564
22.000000000000004,26.921024
44.00000000000001,30.669779
53.0,39.682995
24.0,47.10962
16.0,32.520454
5.0,27.78654
7.0,15.378815
12.0,14.166017
6.0,16.21502
7.0,12.422724
18.0,12.669479
31.0,18.966661
6.0,28.370659
8.0,13.062009
5.0,16.254148
5.0,12.256205
9.0,10.50632
15.000000000000002,12.451015
22.000000000000004,16.780218
8.0,23.051872
5.0,15.463713
12.0,13.722508
14.0,16.49685
10.0,17.882572
12.0,16.548525
22.000000000000004,18.40589
2.0,24.655048
9.0,10.272938
6.0,14.477873
12.999999999999998,12.338423
11.000000000000002,15.6893
12.999999999999998,16.026587
19.0,18.519299
5.0,23.063372
5.0,13.495127
31.0,13.01543
18.0,25.036764
33.0,21.276043
35.0,32.72272
43.0,39.53946
78.0,48.14877
97.0,53.933792
14.0,61.878933
20.0,17.707289
33.0,27.664318
33.0,31.677294
40.0,35.33931
66.0,46.63996
86.0,52.86293
22.000000000000004,59.31573
27.0,27.336796
46.0,35.948265
47.0,44.821537
50.0,49.83019
58.0,54.547882
74.0,58.678402
31.0,62.86425
16.0,39.620094
32.0,28.966085
36.0,35.74034
41.0,40.276085
70.0,47.20914
96.0,52.99371
33.0,60.66158
32.0,36.38262
15.000000000000002,43.081078
10.0,26.139717
7.0,20.779022
12.0,15.934996
7.0,16.853237
17.0,13.856469
17.0,19.225927
31.0,21.579323
10.0,31.2791
7.0,18.23142
10.0,16.877253
9.0,16.350603
10.0,14.852074
27.0,15.799364
34.0,25.30268
8.0,33.617695
12.0,16.917885
9.0,20.95993
17.0,16.89829
11.000000000000002,20.114418
25.999999999999996,17.712631
23.0,26.895285
10.0,28.946367
2.0,20.18878
8.0,12.103405
16.0,13.338236
12.0,17.079153
17.0,17.050854
34.0,21.34398
11.000000000000002,32.161926
11.000000000000002,18.774715
66.0,20.190132
24.0,32.99884
23.0,23.373257
25.0,30.055426
23.0,32.618256
32.0,32.460323
47.0,39.649044
77.0,46.363663
21.0,52.694607
24.0,27.004572
23.0,33.614502
32.0,31.17364
29.0,36.420166
58.0,39.031284
74.0,47.22898
21.0,54.02912
18.0,27.570461
33.0,29.2276
25.999999999999996,34.717823
35.0,32.72133
58.0,42.032627
79.0,48.742867
28.0,55.810226
21.0,33.66317
29.0,32.77631
25.0,35.180996
30.000000000000004,33.645695
44.00000000000001,39.33746
67.0,46.21113
21.0,52.11498
14.0,28.73302
25.999999999999996,25.482365
4.0,29.509357
9.0,12.163089
9.0,16.579266
11.000000000000002,15.316326
10.0,15.847014
20.0,16.127226
32.0,22.22808
8.0,31.143894
3.0,16.19929
5.0,12.713786
10.0,11.324435
9.0,12.396559
15.000000000000002,13.382392
41.0,17.731508
7.0,29.799181
7.0,12.394097
12.999999999999998,15.066327
7.0,16.81656
10.0,12.791951
20.0,15.13347
32.0,21.455257
8.0,30.745613
6.0,15.842054
10.0,15.466287
10.0,15.622342
16.0,14.806158
21.0,19.290216
37.0,24.246447
10.0,34.788513
9.0,18.39444
24.0,19.009409
5.0,25.051619
7.0,11.532966
7.0,13.994995
11.000000000000002,13.073608
12.0,14.801014
19.0,16.444366
25.0,21.862022
1.0,28.14154
2.0,10.819781
10.0,10.894682
18.0,12.78554
7.0,17.128366
23.0,12.174955
25.0,22.841797
8.0,28.420897
6.0,17.358587
8.0,15.257643
20.0,14.783602
3.0,20.132797
19.0,9.366189
21.0,19.182652
6.0,23.564472
7.0,14.244418
5.0,14.803554
10.0,12.305641
9.0,13.69786
20.0,13.847108
24.0,20.726582
4.0,26.451214
9.0,13.08544
51.99999999999999,16.589962
11.000000000000002,29.666698
9.0,12.554927
14.0,15.72404
24.0,17.921818
19.0,23.955095
57.0,25.553297
53.0,37.447517
19.0,47.03857
15.000000000000002,27.132118
20.0,26.354225
15.000000000000002,26.659681
23.0,23.071377
56.0,29.158869
38.0,38.783463
12.999999999999998,41.627663
22.000000000000004,24.667461
25.999999999999996,30.88068
25.999999999999996,32.206284
32.0,33.703205
49.0,40.35557
45.0,47.585316
11.000000000000002,51.899082
17.0,23.503212
16.0,27.00725
30.000000000000004,23.648987
30.000000000000004,30.76368
37.0,36.127834
45.0,43.784058
30.000000000000004,49.76551
22.000000000000004,41.06406
23.0,34.408855
10.0,33.939274
15.000000000000002,21.325378
9.0,23.47848
11.000000000000002,17.838585
12.0,17.953465
22.000000000000004,18.439968
24.0,24.406147
4.0,28.543356
3.0,14.142706
14.0,12.399877
12.999999999999998,16.167198
9.0,16.379131
19.0,15.317344
24.0,21.66889
9.0,27.300592
7.0,17.664474
20.0,16.1854
12.0,22.325184
16.0,17.887115
15.000000000000002,21.61378
24.0,22.50263
11.000000000000002,28.490805
9.0,19.758812
12.0,18.383686
12.999999999999998,18.763336
14.0,19.003498
20.0,20.430973
20.0,24.769852
18.0,27.092434
10.0,27.044495
43.0,20.282457
15.000000000000002,33.038776
5.0,19.934061
20.0,14.132024
18.0,20.973646
22.000000000000004,22.030397
33.0,27.444788
51.0,35.741894
16.0,44.92109
9.0,25.239838
20.0,20.288242
11.000000000000002,23.67646
21.0,17.441511
35.0,24.897429
43.0,34.097664
14.0,42.751312
8.0,23.678062
22.000000000000004,19.394268
12.999999999999998,24.275522
23.0,18.880236
29.0,26.7064
47.0,32.80181
9.0,42.42167
6.0,18.59121
21.0,16.72083
15.000000000000002,21.438894
25.0,19.303272
25.999999999999996,27.705564
35.0,32.109886
24.0,40.74197
16.0,34.42254
32.0,28.028038
10.0,36.051834
11.000000000000002,19.262257
10.0,20.415058
17.0,17.590473
19.0,20.595816
39.0,23.81947
28.0,34.467087
11.000000000000002,34.174004
8.0,22.572433
27.0,18.550724
15.000000000000002,26.778755
14.0,20.540997
29.0,22.112612
37.0,30.445814
14.0,38.555367
8.0,23.610771
20.0,18.917667
17.0,23.52623
17.0,22.636936
25.999999999999996,24.795816
48.0,30.713892
14.0,40.217213
11.000000000000002,22.138897
19.0,21.4929
12.0,23.673712
22.000000000000004,18.834713
32.0,26.047718
38.0,33.916138
11.000000000000002,41.756416
20.0,22.114582
28.0,28.597895
18.0,31.86474
19.0,25.817215
20.0,28.708292
15.000000000000002,29.3083
23.0,24.771667
24.0,29.712156
59.0,31.92182
14.0,41.20564
18.0,20.54121
16.0,26.81894
19.0,23.81453
24.0,24.880497
55.0,30.704054
33.0,40.0905
19.0,38.462128
12.999999999999998,30.525776
25.0,24.480165
19.0,29.620434
25.999999999999996,26.574718
37.0,32.692547
60.00000000000001,40.35883
21.0,47.906174
16.0,29.13997
25.999999999999996,27.310503
16.0,30.797243
19.0,23.946985
38.0,28.035488
56.0,37.307423
22.000000000000004,44.50186
16.0,29.17208
24.0,27.189514
4.0,30.081734
14.0,13.408817
10.0,19.810463
11.000000000000002,17.029552
16.0,17.064487
39.0,20.25506
25.999999999999996,31.693588
12.0,30.56187
2.0,22.340609
12.0,12.679893
14.0,15.91491
16.0,17.251041
35.0,20.227571
45.0,31.265263
9.0,41.085293
12.0,18.041367
15.000000000000002,21.59032
11.000000000000002,20.819836
12.999999999999998,17.742966
27.0,19.954103
24.0,28.095304
8.0,30.111118
2.0,18.374134
18.0,12.108892
8.0,18.643726
15.000000000000002,12.892966
31.0,18.013288
48.0,28.25877
9.0,39.246525
10.0,16.56547
66.0,19.762178
11.000000000000002,32.826694
24.0,10.461599
12.999999999999998,24.46396
27.0,18.698923
21.0,27.66572
64.0,28.30172
60.00000000000001,40.159466
21.0,49.096638
20.0,28.255463
20.0,31.256119
24.0,28.72653
27.0,30.89756
66.0,35.675186
80.0,44.423275
20.0,53.328247
31.0,24.947657
35.0,37.306812
35.0,39.59461
39.0,42.88628
67.0,49.710552
76.0,54.451115
18.0,59.317253
22.000000000000004,25.348629
23.0,31.813078
36.0,29.542723
32.0,37.33776
65.0,40.858154
87.0,49.141563
29.0,56.766037
22.000000000000004,33.465225
49.0,33.633865
16.0,45.344368
15.000000000000002,23.164461
22.000000000000004,25.182005
14.0,27.464504
28.0,21.848516
38.0,31.528828
47.0,39.627163
11.000000000000002,46.77846
8.0,21.531878
11.000000000000002,19.204731
10.0,16.93546
29.0,15.298865
37.0,26.546795
34.0,35.22783
15.000000000000002,40.41545
15.000000000000002,26.847565
21.0,26.608204
14.0,27.537477
29.0,22.30417
30.000000000000004,31.862434
64.0,36.259296
15.000000000000002,45.185513
57.0,21.953678
19.0,41.971046
12.0,22.725386
58.0,20.94171
14.0,35.2124
20.0,16.29796
24.0,25.422647
18.0,28.344643
21.0,25.883049
53.0,30.302435
95.0,39.781975
16.0,48.8607
10.0,17.195765
27.0,19.985987
21.0,25.5053
22.000000000000004,24.399097
47.0,30.479338
80.0,39.731094
25.999999999999996,48.792095
20.0,29.809921
32.0,30.922474
36.0,36.045025
30.000000000000004,40.645584
58.0,40.43022
86.0,48.890858
24.0,55.826298
76.0,28.570942
22.000000000000004,50.260986
14.0,24.554499
64.0,23.6917
21.0,38.264107
27.0,22.270105
44.00000000000001,32.624466
35.0,42.594757
35.0,42.168274
79.0,46.200447
78.0,53.515915
25.0,60.629463
22.000000000000004,31.339138
35.0,33.875996
27.0,38.356083
38.0,35.05853
74.0,44.612083
89.0,51.03627
28.0,58.876686
28.0,32.055214
53.0,38.881374
40.0,48.85276
59.0,46.34286
55.0,54.676914
84.0,59.204765
29.0,63.94236
98.0,36.004444
25.999999999999996,55.761204
38.0,25.938965
0.0,41.313145
1.0,9.539955
0.0,9.189028
3.0,5.456688
2.0,4.73713
2.0,4.999932
0.0,5.4369617
0.0,4.400116
0.0,3.7481582
0.0,3.2282138
0.0,2.9738884
0.0,2.8408904
1.0,2.8408904
1.0,3.4266992
0.0,3.702486
0.0,3.403547
0.0,3.2327878
0.0,3.0484874
0.0,2.906677
0.0,2.8408904
0.0,2.8408904
0.0,2.8408904
0.0,2.8408904
0.0,2.8408904
0.0,2.8408904
1.0,2.8408904
2.0,3.4266992
0.0,4.288688
5.0,3.6654131
0.0,6.335432
0.0,4.1905737
44.00000000000001,3.8642962
14.0,19.217484
14.0,12.869277
25.0,18.536196
23.0,26.160215
20.0,29.198782
46.0,29.532808
55.0,39.718002
12.999999999999998,47.37146
21.0,21.457
29.0,29.117092
14.0,32.36036
28.0,22.022648
63.0,32.950314
50.0,42.235973
21.0,49.14912
25.999999999999996,30.505033
25.0,36.568165
23.0,34.43729
35.0,33.08397
58.0,41.23165
54.0,47.71905
17.0,53.523514
15.000000000000002,27.385447
36.0,26.759392
30.000000000000004,35.03924
38.0,35.108437
49.0,43.879128
71.0,50.221252
21.0,56.204884
15.000000000000002,28.890285
25.0,26.617094
10.0,29.11303
7.0,17.85155
12.0,16.554602
14.0,17.70647
11.000000000000002,18.71223
38.0,17.950327
27.0,29.907724
9.0,30.849161
11.000000000000002,19.11845
16.0,20.184181
14.0,21.636654
11.000000000000002,20.745926
45.0,19.119783
25.999999999999996,31.206167
9.0,29.190367
14.0,18.790504
16.0,21.673033
12.999999999999998,22.353485
14.0,20.793465
21.0,21.787228
30.000000000000004,26.072365
10.0,33.063145
7.0,19.510607
15.000000000000002,17.217821
17.0,19.674294
15.000000000000002,20.866714
25.0,21.919445
35.0,28.825127
10.0,37.39766
11.000000000000002,20.107834
86.0,21.200155
34.0,34.05524
30.000000000000004,28.568663
43.0,36.72586
39.0,47.128365
49.0,48.740112
82.0,54.107433
108.0,58.14694
33.0,65.30422
39.0,34.77986
39.0,47.375065
51.99999999999999,47.113316
55.0,55.08274
98.0,57.16045
85.00000000000001,61.910442
31.0,68.510475
34.0,38.192604
40.0,45.436035
50.0,47.13023
51.99999999999999,53.95802
77.0,56.102943
113.0,60.059223
21.0,66.66327
33.0,22.919048
53.0,38.11538
44.00000000000001,48.1167
51.0,48.79429
90.99999999999999,55.802696
100.0,61.161522
40.0,68.110825
36.0,43.515156
